model,group,classes,precision,recall,map50,map50_95,forgetting
base_hope_coco80.pt,base_old,"person, chair, dining table",0.34377816643188,0.5310781636316412,0.4396347561998007,0.20369403677210138,
nestdetect_hope.pt,replay_old,"person, chair, dining table",0.7740426273737627,0.39439457925960936,0.51043246789945,0.25720135481564166,
nestdetect_hope.pt,replay_new,"laptop, book",0.4945812759922914,0.6554160125588697,0.5934981403783713,0.4431272703887409,
incremental_hope_no_replay_coco80.pt,no_replay_old,"person, chair, dining table",0.07179132040627885,0.5616864878745566,0.15154980905908352,0.06390023749878906,
incremental_hope_no_replay_coco80.pt,no_replay_new,"laptop, book",0.4414862856651992,0.6554160125588697,0.5926991587404168,0.4348904037060778,
